<?xml version="1.0"?>
<Interface Version="1" Minor="1">
	<Ifc Id="ROOT" Top="1">
		<Port Id="CLR" Dir="IN"/>
		<Port Id="CLR2" Dir="IN"/>
		<Port Id="CLR3" Dir="IN"/>
		<Port Id="CP" Dir="IN"/>
		<Port Id="CP1" Dir="IN"/>
		<Port Id="CP2" Dir="IN"/>
		<Port Id="KEY" Dir="IN"/>
		<Port Id="UP" Dir="IN"/>
		<Port Id="A" Dir="OUT"/>
		<Port Id="C" Dir="OUT"/>
		<Port Id="D" Dir="OUT"/>
		<Port Id="F" Dir="OUT"/>
		<Port Id="W1" Dir="OUT"/>
		<Port Id="W2" Dir="OUT"/>
		<Port Id="XLXN_517" Dir="OUT"/>
	</Ifc>
</Interface>

